Workbook

Sheet Sales
A1: Order ID | B1: Date | C1: Employee ID | D1: Product | E1: Region | F1: Sales | H1: Employee Name | I1: Department | J1: Job Level | K1: Joining Date | M1: Employee Name | O1: Employee Name
A2: O001 | B2: 46023 | C2: E001 | D2: Laptop Stand | E2: Kathmandu | F2: 30000 | H2: =_xlfn.XLOOKUP(C2,Employees!$A$2:$A$7,Employees!$B$2:$B$7,"not found") -> Asha | I2: =_xlfn.XLOOKUP(C2,Employees!$A$2:$A$7,Employees!$C$2:$C$7,"Not Found") -> Sales | J2: =_xlfn.XLOOKUP(C2,Employees!$A$2:$A$7,Employees!$D$2:$D$7,"Not Found") -> Senior | K2: =_xlfn.XLOOKUP(C2,Employees!$A$2:$A$7,Employees!$E$2:$E$7,"Not Found") -> 44972 | M2: =IFERROR(VLOOKUP(C2,Employees!$A$2:$E$7,2,FALSE),"Not Found") -> Asha | O2: =INDEX(Employees!$B$2:$B$7,MATCH(C2,Employees!$A$2:$A$7,0)) -> Asha
A3: O002 | B3: 46024 | C3: E003 | D3: Mouse | E3: Pokhara | F3: 37500 | H3: =_xlfn.XLOOKUP(C3,Employees!$A$2:$A$7,Employees!$B$2:$B$7,"not found") -> Ravi | I3: =_xlfn.XLOOKUP(C3,Employees!$A$2:$A$7,Employees!$C$2:$C$7,"Not Found") -> Sales | J3: =_xlfn.XLOOKUP(C3,Employees!$A$2:$A$7,Employees!$D$2:$D$7,"Not Found") -> Junior | K3: =_xlfn.XLOOKUP(C3,Employees!$A$2:$A$7,Employees!$E$2:$E$7,"Not Found") -> 45677 | M3: =IFERROR(VLOOKUP(C3,Employees!$A$2:$E$7,2,FALSE),"Not Found") -> Ravi | O3: =INDEX(Employees!$B$2:$B$7,MATCH(C3,Employees!$A$2:$A$7,0)) -> Ravi
A4: O003 | B4: 46025 | C4: E002 | D4: Keyboard | E4: Kathmandu | F4: 39600 | H4: =_xlfn.XLOOKUP(C4,Employees!$A$2:$A$7,Employees!$B$2:$B$7,"not found") -> Sita | I4: =_xlfn.XLOOKUP(C4,Employees!$A$2:$A$7,Employees!$C$2:$C$7,"Not Found") -> Sales | J4: =_xlfn.XLOOKUP(C4,Employees!$A$2:$A$7,Employees!$D$2:$D$7,"Not Found") -> Mid | K4: =_xlfn.XLOOKUP(C4,Employees!$A$2:$A$7,Employees!$E$2:$E$7,"Not Found") -> 45514 | M4: =IFERROR(VLOOKUP(C4,Employees!$A$2:$E$7,2,FALSE),"Not Found") -> Sita | O4: =INDEX(Employees!$B$2:$B$7,MATCH(C4,Employees!$A$2:$A$7,0)) -> Sita
A5: O004 | B5: 46026 | C5: E005 | D5: Monitor | E5: Lalitpur | F5: 148000 | H5: =_xlfn.XLOOKUP(C5,Employees!$A$2:$A$7,Employees!$B$2:$B$7,"not found") -> Kiran | I5: =_xlfn.XLOOKUP(C5,Employees!$A$2:$A$7,Employees!$C$2:$C$7,"Not Found") -> Sales | J5: =_xlfn.XLOOKUP(C5,Employees!$A$2:$A$7,Employees!$D$2:$D$7,"Not Found") -> Senior | K5: =_xlfn.XLOOKUP(C5,Employees!$A$2:$A$7,Employees!$E$2:$E$7,"Not Found") -> 44632 | M5: =IFERROR(VLOOKUP(C5,Employees!$A$2:$E$7,2,FALSE),"Not Found") -> Kiran | O5: =INDEX(Employees!$B$2:$B$7,MATCH(C5,Employees!$A$2:$A$7,0)) -> Kiran
A6: O005 | B6: 46027 | C6: E004 | D6: USB Hub | E6: Bharatpur | F6: 54000 | H6: =_xlfn.XLOOKUP(C6,Employees!$A$2:$A$7,Employees!$B$2:$B$7,"not found") -> Pooja | I6: =_xlfn.XLOOKUP(C6,Employees!$A$2:$A$7,Employees!$C$2:$C$7,"Not Found") -> Sales | J6: =_xlfn.XLOOKUP(C6,Employees!$A$2:$A$7,Employees!$D$2:$D$7,"Not Found") -> Mid | K6: =_xlfn.XLOOKUP(C6,Employees!$A$2:$A$7,Employees!$E$2:$E$7,"Not Found") -> 45417 | M6: =IFERROR(VLOOKUP(C6,Employees!$A$2:$E$7,2,FALSE),"Not Found") -> Pooja | O6: =INDEX(Employees!$B$2:$B$7,MATCH(C6,Employees!$A$2:$A$7,0)) -> Pooja
A7: O006 | B7: 46028 | C7: E001 | D7: Headphones | E7: Kathmandu | F7: 67500 | H7: =_xlfn.XLOOKUP(C7,Employees!$A$2:$A$7,Employees!$B$2:$B$7,"not found") -> Asha | I7: =_xlfn.XLOOKUP(C7,Employees!$A$2:$A$7,Employees!$C$2:$C$7,"Not Found") -> Sales | J7: =_xlfn.XLOOKUP(C7,Employees!$A$2:$A$7,Employees!$D$2:$D$7,"Not Found") -> Senior | K7: =_xlfn.XLOOKUP(C7,Employees!$A$2:$A$7,Employees!$E$2:$E$7,"Not Found") -> 44972 | M7: =IFERROR(VLOOKUP(C7,Employees!$A$2:$E$7,2,FALSE),"Not Found") -> Asha | O7: =INDEX(Employees!$B$2:$B$7,MATCH(C7,Employees!$A$2:$A$7,0)) -> Asha
A8: O007 | B8: 46029 | C8: E006 | D8: Webcam | E8: Pokhara | F8: 55000 | H8: =_xlfn.XLOOKUP(C8,Employees!$A$2:$A$7,Employees!$B$2:$B$7,"not found") -> Amit | I8: =_xlfn.XLOOKUP(C8,Employees!$A$2:$A$7,Employees!$C$2:$C$7,"Not Found") -> Sales | J8: =_xlfn.XLOOKUP(C8,Employees!$A$2:$A$7,Employees!$D$2:$D$7,"Not Found") -> Junior | K8: =_xlfn.XLOOKUP(C8,Employees!$A$2:$A$7,Employees!$E$2:$E$7,"Not Found") -> 45918 | M8: =IFERROR(VLOOKUP(C8,Employees!$A$2:$E$7,2,FALSE),"Not Found") -> Amit | O8: =INDEX(Employees!$B$2:$B$7,MATCH(C8,Employees!$A$2:$A$7,0)) -> Amit
A9: O008 | B9: 46030 | C9: E004 | D9: Keyboard | E9: Bharatpur | F9: 48400 | H9: =_xlfn.XLOOKUP(C9,Employees!$A$2:$A$7,Employees!$B$2:$B$7,"not found") -> Pooja | I9: =_xlfn.XLOOKUP(C9,Employees!$A$2:$A$7,Employees!$C$2:$C$7,"Not Found") -> Sales | J9: =_xlfn.XLOOKUP(C9,Employees!$A$2:$A$7,Employees!$D$2:$D$7,"Not Found") -> Mid | K9: =_xlfn.XLOOKUP(C9,Employees!$A$2:$A$7,Employees!$E$2:$E$7,"Not Found") -> 45417 | M9: =IFERROR(VLOOKUP(C9,Employees!$A$2:$E$7,2,FALSE),"Not Found") -> Pooja | O9: =INDEX(Employees!$B$2:$B$7,MATCH(C9,Employees!$A$2:$A$7,0)) -> Pooja
A10: O009 | B10: 46031 | C10: E002 | D10: Laptop Stand | E10: Lalitpur | F10: 40000 | H10: =_xlfn.XLOOKUP(C10,Employees!$A$2:$A$7,Employees!$B$2:$B$7,"not found") -> Sita | I10: =_xlfn.XLOOKUP(C10,Employees!$A$2:$A$7,Employees!$C$2:$C$7,"Not Found") -> Sales | J10: =_xlfn.XLOOKUP(C10,Employees!$A$2:$A$7,Employees!$D$2:$D$7,"Not Found") -> Mid | K10: =_xlfn.XLOOKUP(C10,Employees!$A$2:$A$7,Employees!$E$2:$E$7,"Not Found") -> 45514 | M10: =IFERROR(VLOOKUP(C10,Employees!$A$2:$E$7,2,FALSE),"Not Found") -> Sita | O10: =INDEX(Employees!$B$2:$B$7,MATCH(C10,Employees!$A$2:$A$7,0)) -> Sita
A11: O010 | B11: 46032 | C11: E005 | D11: Monitor | E11: Kathmandu | F11: 111000 | H11: =_xlfn.XLOOKUP(C11,Employees!$A$2:$A$7,Employees!$B$2:$B$7,"not found") -> Kiran | I11: =_xlfn.XLOOKUP(C11,Employees!$A$2:$A$7,Employees!$C$2:$C$7,"Not Found") -> Sales | J11: =_xlfn.XLOOKUP(C11,Employees!$A$2:$A$7,Employees!$D$2:$D$7,"Not Found") -> Senior | K11: =_xlfn.XLOOKUP(C11,Employees!$A$2:$A$7,Employees!$E$2:$E$7,"Not Found") -> 44632 | M11: =IFERROR(VLOOKUP(C11,Employees!$A$2:$E$7,2,FALSE),"Not Found") -> Kiran | O11: =INDEX(Employees!$B$2:$B$7,MATCH(C11,Employees!$A$2:$A$7,0)) -> Kiran
A12: O011 | B12: 46033 | C12: E003 | D12: Mouse | E12: Bharatpur | F12: 52500 | H12: =_xlfn.XLOOKUP(C12,Employees!$A$2:$A$7,Employees!$B$2:$B$7,"not found") -> Ravi | I12: =_xlfn.XLOOKUP(C12,Employees!$A$2:$A$7,Employees!$C$2:$C$7,"Not Found") -> Sales | J12: =_xlfn.XLOOKUP(C12,Employees!$A$2:$A$7,Employees!$D$2:$D$7,"Not Found") -> Junior | K12: =_xlfn.XLOOKUP(C12,Employees!$A$2:$A$7,Employees!$E$2:$E$7,"Not Found") -> 45677 | M12: =IFERROR(VLOOKUP(C12,Employees!$A$2:$E$7,2,FALSE),"Not Found") -> Ravi | O12: =INDEX(Employees!$B$2:$B$7,MATCH(C12,Employees!$A$2:$A$7,0)) -> Ravi
A13: O012 | B13: 46034 | C13: E002 | D13: Headphones | E13: Lalitpur | F13: 90000 | H13: =_xlfn.XLOOKUP(C13,Employees!$A$2:$A$7,Employees!$B$2:$B$7,"not found") -> Sita | I13: =_xlfn.XLOOKUP(C13,Employees!$A$2:$A$7,Employees!$C$2:$C$7,"Not Found") -> Sales | J13: =_xlfn.XLOOKUP(C13,Employees!$A$2:$A$7,Employees!$D$2:$D$7,"Not Found") -> Mid | K13: =_xlfn.XLOOKUP(C13,Employees!$A$2:$A$7,Employees!$E$2:$E$7,"Not Found") -> 45514 | M13: =IFERROR(VLOOKUP(C13,Employees!$A$2:$E$7,2,FALSE),"Not Found") -> Sita | O13: =INDEX(Employees!$B$2:$B$7,MATCH(C13,Employees!$A$2:$A$7,0)) -> Sita
... A16: O015 | B16: 46037 | C16: E006 | D16: Keyboard | E16: Pokhara | F16: 41800 | H16: =_xlfn.XLOOKUP(C16,Employees!$A$2:$A$7,Employees!$B$2:$B$7,"not found") -> Amit | I16: =_xlfn.XLOOKUP(C16,Employees!$A$2:$A$7,Employees!$C$2:$C$7,"Not Found") -> Sales | J16: =_xlfn.XLOOKUP(C16,Employees!$A$2:$A$7,Employees!$D$2:$D$7,"Not Found") -> Junior | K16: =_xlfn.XLOOKUP(C16,Employees!$A$2:$A$7,Employees!$E$2:$E$7,"Not Found") -> 45918 | M16: =IFERROR(VLOOKUP(C16,Employees!$A$2:$E$7,2,FALSE),"Not Found") -> Amit | O16: =INDEX(Employees!$B$2:$B$7,MATCH(C16,Employees!$A$2:$A$7,0)) -> Amit
C17: E099 | H17: =_xlfn.XLOOKUP(C17,Employees!$A$2:$A$7,Employees!$B$2:$B$7,"Not Found") -> Not Found | I17: =_xlfn.XLOOKUP(C17,Employees!$A$2:$A$7,Employees!$C$2:$C$7,"Not Found") -> Not Found | J17: =_xlfn.XLOOKUP(C17,Employees!$A$2:$A$7,Employees!$D$2:$D$7,"Not Found") -> Not Found | K17: =_xlfn.XLOOKUP(C17,Employees!$A$2:$A$7,Employees!$E$2:$E$7,"Not Found") -> Not Found | M17: =IFERROR(VLOOKUP(C17,Employees!$A$2:$E$7,2,FALSE),"Not Found") -> Not Found | O17: =INDEX(Employees!$B$2:$B$7,MATCH(C17,Employees!$A$2:$A$7,0)) -> #N/A

Sheet Employees
A1: Employee ID | B1: Employee Name | C1: Department | D1: Job Level | E1: Joining Date
A2: E001 | B2: Asha | C2: Sales | D2: Senior | E2: 44972
A3: E002 | B3: Sita | C3: Sales | D3: Mid | E3: 45514
A4: E003 | B4: Ravi | C4: Sales | D4: Junior | E4: 45677
A5: E004 | B5: Pooja | C5: Sales | D5: Mid | E5: 45417
A6: E005 | B6: Kiran | C6: Sales | D6: Senior | E6: 44632
A7: E006 | B7: Amit | C7: Sales | D7: Junior | E7: 45918

Sheet Analysis
A1: Employee ID | B1: Employee Name | C1: Job Level | D1: Total Sales | E1: Number of Orders
A2: E001 | B2: =_xlfn.XLOOKUP(A2,Employees!$A$2:$A$7,Employees!$B$2:$B$7,"Not Found") -> Asha | C2: =_xlfn.XLOOKUP(A2,Employees!$A$2:$A$7,Employees!$D$2:$D$7,"Not Found") -> Senior | D2: =SUMIFS(Sales!F:F,Sales!C:C,Analysis!A2) -> 147900 | E2: =COUNTIFS(Sales!C:C,Analysis!A2) -> 3
A3: E002 | B3: =_xlfn.XLOOKUP(A3,Employees!$A$2:$A$7,Employees!$B$2:$B$7,"Not Found") -> Sita | C3: =_xlfn.XLOOKUP(A3,Employees!$A$2:$A$7,Employees!$D$2:$D$7,"Not Found") -> Mid | D3: =SUMIFS(Sales!F:F,Sales!C:C,Analysis!A3) -> 169600 | E3: =COUNTIFS(Sales!C:C,Analysis!A3) -> 3
A4: E003 | B4: =_xlfn.XLOOKUP(A4,Employees!$A$2:$A$7,Employees!$B$2:$B$7,"Not Found") -> Ravi | C4: =_xlfn.XLOOKUP(A4,Employees!$A$2:$A$7,Employees!$D$2:$D$7,"Not Found") -> Junior | D4: =SUMIFS(Sales!F:F,Sales!C:C,Analysis!A4) -> 90000 | E4: =COUNTIFS(Sales!C:C,Analysis!A4) -> 2
A5: E004 | B5: =_xlfn.XLOOKUP(A5,Employees!$A$2:$A$7,Employees!$B$2:$B$7,"Not Found") -> Pooja | C5: =_xlfn.XLOOKUP(A5,Employees!$A$2:$A$7,Employees!$D$2:$D$7,"Not Found") -> Mid | D5: =SUMIFS(Sales!F:F,Sales!C:C,Analysis!A5) -> 179400 | E5: =COUNTIFS(Sales!C:C,Analysis!A5) -> 3
A6: E005 | B6: =_xlfn.XLOOKUP(A6,Employees!$A$2:$A$7,Employees!$B$2:$B$7,"Not Found") -> Kiran | C6: =_xlfn.XLOOKUP(A6,Employees!$A$2:$A$7,Employees!$D$2:$D$7,"Not Found") -> Senior | D6: =SUMIFS(Sales!F:F,Sales!C:C,Analysis!A6) -> 259000 | E6: =COUNTIFS(Sales!C:C,Analysis!A6) -> 2
A7: E006 | B7: =_xlfn.XLOOKUP(A7,Employees!$A$2:$A$7,Employees!$B$2:$B$7,"Not Found") -> Amit | C7: =_xlfn.XLOOKUP(A7,Employees!$A$2:$A$7,Employees!$D$2:$D$7,"Not Found") -> Junior | D7: =SUMIFS(Sales!F:F,Sales!C:C,Analysis!A7) -> 96800 | E7: =COUNTIFS(Sales!C:C,Analysis!A7) -> 2
