Workbook

Sheet Raw_Data
A1: Customer ID | B1: Customer Name | C1: Email | D1: City | E1: Phone | F1: Product Code
A2: C001 | B2: Asha Sharma | C2: ASHA@GMAIL.COM | D2: kathmandu | E2: 9841234567 | F2: LAP-001
A3: C002 | B3: RAVI KUMAR | C3: ravi@gmail.com | D3: Kathmandu | E3: 9812345678 | F3: MOU-002
A4: C003 | B4: Sita Thapa | C4: SITA@YAHOO.COM | D4: POKHARA | E4: 9860123456 | F4: KEY-003
A5: C004 | B5: pooja shrestha | C5: pooja@gmail.com | D5: Pokhara | E5: 9801234567 | F5: LAP-004
A6: C005 | B6: Kiran Gurung | C6: KIRAN@GMAIL.COM | D6: lalitpur | E6: 9845671234 | F6: MON-005
A7: C006 | B7: AMIT SHAH | C7: amit@gmail.com | D7: LALITPUR | E7: 9815678901 | F7: MOU-006
A8: C007 | B8: Neha Rai | C8: NEHA@GMAIL.COM | D8: bharatpur | E8: 9865678901 | F8: KEY-007
A9: C008 | B9: Bikash Tamang | C9: bikash@yahoo.com | D9: BHARATPUR | E9: 9809876543 | F9: LAP-008
A10: C009 | B10: SARITA KC | C10: sarita@gmail.com | D10: Kathmandu | E10: 9845678901 | F10: MON-009
A11: C010 | B11: ram shrestha | C11: RAM@YAHOO.COM | D11: pokhara | E11: 9812345670 | F11: KEY-010
A12: C011 | B12: ANU GUPTA | C12: anu@gmail.com | D12: LALITPUR | E12: 9861234567 | F12: MOU-011
A13: C012 | B13: MAYA ADHIKARI | C13: MAYA@GMAIL.COM | D13: bharatpur | E13: 9801234560 | F13: LAP-012

Sheet Clean_Data
A1: Customer ID | B1: Customer Name | C1: Email | D1: City | E1: Phone | F1: Product Code | G1: First Name | H1: Email Username | I1: Product Category | J1: Product Number | K1: Email Check | L1: Phone Check | M1: Producct Code Check | N1: Overall Status
A2: C001 | B2: =PROPER(TRIM(Raw_Data!B2)) -> Asha Sharma | C2: =LOWER(TRIM(Raw_Data!C2)) -> asha@gmail.com | D2: =PROPER(TRIM(Raw_Data!D2)) -> Kathmandu | E2: =TRIM(Raw_Data!E2) -> 9841234567 | F2: =UPPER(TRIM(Raw_Data!F2)) -> LAP-001 | G2: =LEFT(B2,FIND(" ",B2) - 1) -> Asha | H2: =LEFT(C2,FIND("@",C2) - 1) -> asha | I2: =LEFT(F2,FIND("-",F2) - 1) -> LAP | J2: =RIGHT(F2,LEN(F2)-FIND("-",F2)) -> 001 | K2: =IF(AND(ISNUMBER(SEARCH("@",C2)),ISNUMBER(SEARCH(".",C2))),"Valid","Check") -> Valid | L2: =IF(AND(LEN(E2)=10,ISNUMBER(E2*1)),"Valid","Check") -> Valid | M2: =IF(AND(LEN(F2)=7,MID(F2,4,1)="-"),"Valid","Check") -> Valid | N2: =IF(AND(K2="Valid",L2="Valid",M2="Valid"),"OK","CHECK") -> OK
A3: C002 | B3: =PROPER(TRIM(Raw_Data!B3)) -> Ravi Kumar | C3: =LOWER(TRIM(Raw_Data!C3)) -> ravi@gmail.com | D3: =PROPER(TRIM(Raw_Data!D3)) -> Kathmandu | E3: =TRIM(Raw_Data!E3) -> 9812345678 | F3: =UPPER(TRIM(Raw_Data!F3)) -> MOU-002 | G3: =LEFT(B3,FIND(" ",B3) - 1) -> Ravi | H3: =LEFT(C3,FIND("@",C3) - 1) -> ravi | I3: =LEFT(F3,FIND("-",F3) - 1) -> MOU | J3: =RIGHT(F3,LEN(F3)-FIND("-",F3)) -> 002 | K3: =IF(AND(ISNUMBER(SEARCH("@",C3)),ISNUMBER(SEARCH(".",C3))),"Valid","Check") -> Valid | L3: =IF(AND(LEN(E3)=10,ISNUMBER(E3*1)),"Valid","Check") -> Valid | M3: =IF(AND(LEN(F3)=7,MID(F3,4,1)="-"),"Valid","Check") -> Valid | N3: =IF(AND(K3="Valid",L3="Valid",M3="Valid"),"OK","CHECK") -> OK
A4: C003 | B4: =PROPER(TRIM(Raw_Data!B4)) -> Sita Thapa | C4: =LOWER(TRIM(Raw_Data!C4)) -> sita@yahoo.com | D4: =PROPER(TRIM(Raw_Data!D4)) -> Pokhara | E4: =TRIM(Raw_Data!E4) -> 9860123456 | F4: =UPPER(TRIM(Raw_Data!F4)) -> KEY-003 | G4: =LEFT(B4,FIND(" ",B4) - 1) -> Sita | H4: =LEFT(C4,FIND("@",C4) - 1) -> sita | I4: =LEFT(F4,FIND("-",F4) - 1) -> KEY | J4: =RIGHT(F4,LEN(F4)-FIND("-",F4)) -> 003 | K4: =IF(AND(ISNUMBER(SEARCH("@",C4)),ISNUMBER(SEARCH(".",C4))),"Valid","Check") -> Valid | L4: =IF(AND(LEN(E4)=10,ISNUMBER(E4*1)),"Valid","Check") -> Valid | M4: =IF(AND(LEN(F4)=7,MID(F4,4,1)="-"),"Valid","Check") -> Valid | N4: =IF(AND(K4="Valid",L4="Valid",M4="Valid"),"OK","CHECK") -> OK
A5: C004 | B5: =PROPER(TRIM(Raw_Data!B5)) -> Pooja Shrestha | C5: =LOWER(TRIM(Raw_Data!C5)) -> pooja@gmail.com | D5: =PROPER(TRIM(Raw_Data!D5)) -> Pokhara | E5: =TRIM(Raw_Data!E5) -> 9801234567 | F5: =UPPER(TRIM(Raw_Data!F5)) -> LAP-004 | G5: =LEFT(B5,FIND(" ",B5) - 1) -> Pooja | H5: =LEFT(C5,FIND("@",C5) - 1) -> pooja | I5: =LEFT(F5,FIND("-",F5) - 1) -> LAP | J5: =RIGHT(F5,LEN(F5)-FIND("-",F5)) -> 004 | K5: =IF(AND(ISNUMBER(SEARCH("@",C5)),ISNUMBER(SEARCH(".",C5))),"Valid","Check") -> Valid | L5: =IF(AND(LEN(E5)=10,ISNUMBER(E5*1)),"Valid","Check") -> Valid | M5: =IF(AND(LEN(F5)=7,MID(F5,4,1)="-"),"Valid","Check") -> Valid | N5: =IF(AND(K5="Valid",L5="Valid",M5="Valid"),"OK","CHECK") -> OK
A6: C005 | B6: =PROPER(TRIM(Raw_Data!B6)) -> Kiran Gurung | C6: =LOWER(TRIM(Raw_Data!C6)) -> kiran@gmail.com | D6: =PROPER(TRIM(Raw_Data!D6)) -> Lalitpur | E6: =TRIM(Raw_Data!E6) -> 9845671234 | F6: =UPPER(TRIM(Raw_Data!F6)) -> MON-005 | G6: =LEFT(B6,FIND(" ",B6) - 1) -> Kiran | H6: =LEFT(C6,FIND("@",C6) - 1) -> kiran | I6: =LEFT(F6,FIND("-",F6) - 1) -> MON | J6: =RIGHT(F6,LEN(F6)-FIND("-",F6)) -> 005 | K6: =IF(AND(ISNUMBER(SEARCH("@",C6)),ISNUMBER(SEARCH(".",C6))),"Valid","Check") -> Valid | L6: =IF(AND(LEN(E6)=10,ISNUMBER(E6*1)),"Valid","Check") -> Valid | M6: =IF(AND(LEN(F6)=7,MID(F6,4,1)="-"),"Valid","Check") -> Valid | N6: =IF(AND(K6="Valid",L6="Valid",M6="Valid"),"OK","CHECK") -> OK
A7: C006 | B7: =PROPER(TRIM(Raw_Data!B7)) -> Amit Shah | C7: =LOWER(TRIM(Raw_Data!C7)) -> amit@gmail.com | D7: =PROPER(TRIM(Raw_Data!D7)) -> Lalitpur | E7: =TRIM(Raw_Data!E7) -> 9815678901 | F7: =UPPER(TRIM(Raw_Data!F7)) -> MOU-006 | G7: =LEFT(B7,FIND(" ",B7) - 1) -> Amit | H7: =LEFT(C7,FIND("@",C7) - 1) -> amit | I7: =LEFT(F7,FIND("-",F7) - 1) -> MOU | J7: =RIGHT(F7,LEN(F7)-FIND("-",F7)) -> 006 | K7: =IF(AND(ISNUMBER(SEARCH("@",C7)),ISNUMBER(SEARCH(".",C7))),"Valid","Check") -> Valid | L7: =IF(AND(LEN(E7)=10,ISNUMBER(E7*1)),"Valid","Check") -> Valid | M7: =IF(AND(LEN(F7)=7,MID(F7,4,1)="-"),"Valid","Check") -> Valid | N7: =IF(AND(K7="Valid",L7="Valid",M7="Valid"),"OK","CHECK") -> OK
A8: C007 | B8: =PROPER(TRIM(Raw_Data!B8)) -> Neha Rai | C8: =LOWER(TRIM(Raw_Data!C8)) -> neha@gmail.com | D8: =PROPER(TRIM(Raw_Data!D8)) -> Bharatpur | E8: =TRIM(Raw_Data!E8) -> 9865678901 | F8: =UPPER(TRIM(Raw_Data!F8)) -> KEY-007 | G8: =LEFT(B8,FIND(" ",B8) - 1) -> Neha | H8: =LEFT(C8,FIND("@",C8) - 1) -> neha | I8: =LEFT(F8,FIND("-",F8) - 1) -> KEY | J8: =RIGHT(F8,LEN(F8)-FIND("-",F8)) -> 007 | K8: =IF(AND(ISNUMBER(SEARCH("@",C8)),ISNUMBER(SEARCH(".",C8))),"Valid","Check") -> Valid | L8: =IF(AND(LEN(E8)=10,ISNUMBER(E8*1)),"Valid","Check") -> Valid | M8: =IF(AND(LEN(F8)=7,MID(F8,4,1)="-"),"Valid","Check") -> Valid | N8: =IF(AND(K8="Valid",L8="Valid",M8="Valid"),"OK","CHECK") -> OK
A9: C008 | B9: =PROPER(TRIM(Raw_Data!B9)) -> Bikash Tamang | C9: =LOWER(TRIM(Raw_Data!C9)) -> bikash@yahoo.com | D9: =PROPER(TRIM(Raw_Data!D9)) -> Bharatpur | E9: =TRIM(Raw_Data!E9) -> 9809876543 | F9: =UPPER(TRIM(Raw_Data!F9)) -> LAP-008 | G9: =LEFT(B9,FIND(" ",B9) - 1) -> Bikash | H9: =LEFT(C9,FIND("@",C9) - 1) -> bikash | I9: =LEFT(F9,FIND("-",F9) - 1) -> LAP | J9: =RIGHT(F9,LEN(F9)-FIND("-",F9)) -> 008 | K9: =IF(AND(ISNUMBER(SEARCH("@",C9)),ISNUMBER(SEARCH(".",C9))),"Valid","Check") -> Valid | L9: =IF(AND(LEN(E9)=10,ISNUMBER(E9*1)),"Valid","Check") -> Valid | M9: =IF(AND(LEN(F9)=7,MID(F9,4,1)="-"),"Valid","Check") -> Valid | N9: =IF(AND(K9="Valid",L9="Valid",M9="Valid"),"OK","CHECK") -> OK
A10: C009 | B10: =PROPER(TRIM(Raw_Data!B10)) -> Sarita Kc | C10: =LOWER(TRIM(Raw_Data!C10)) -> sarita@gmail.com | D10: =PROPER(TRIM(Raw_Data!D10)) -> Kathmandu | E10: =TRIM(Raw_Data!E10) -> 9845678901 | F10: =UPPER(TRIM(Raw_Data!F10)) -> MON-009 | G10: =LEFT(B10,FIND(" ",B10) - 1) -> Sarita | H10: =LEFT(C10,FIND("@",C10) - 1) -> sarita | I10: =LEFT(F10,FIND("-",F10) - 1) -> MON | J10: =RIGHT(F10,LEN(F10)-FIND("-",F10)) -> 009 | K10: =IF(AND(ISNUMBER(SEARCH("@",C10)),ISNUMBER(SEARCH(".",C10))),"Valid","Check") -> Valid | L10: =IF(AND(LEN(E10)=10,ISNUMBER(E10*1)),"Valid","Check") -> Valid | M10: =IF(AND(LEN(F10)=7,MID(F10,4,1)="-"),"Valid","Check") -> Valid | N10: =IF(AND(K10="Valid",L10="Valid",M10="Valid"),"OK","CHECK") -> OK
A11: C010 | B11: =PROPER(TRIM(Raw_Data!B11)) -> Ram Shrestha | C11: =LOWER(TRIM(Raw_Data!C11)) -> ram@yahoo.com | D11: =PROPER(TRIM(Raw_Data!D11)) -> Pokhara | E11: =TRIM(Raw_Data!E11) -> 9812345670 | F11: =UPPER(TRIM(Raw_Data!F11)) -> KEY-010 | G11: =LEFT(B11,FIND(" ",B11) - 1) -> Ram | H11: =LEFT(C11,FIND("@",C11) - 1) -> ram | I11: =LEFT(F11,FIND("-",F11) - 1) -> KEY | J11: =RIGHT(F11,LEN(F11)-FIND("-",F11)) -> 010 | K11: =IF(AND(ISNUMBER(SEARCH("@",C11)),ISNUMBER(SEARCH(".",C11))),"Valid","Check") -> Valid | L11: =IF(AND(LEN(E11)=10,ISNUMBER(E11*1)),"Valid","Check") -> Valid | M11: =IF(AND(LEN(F11)=7,MID(F11,4,1)="-"),"Valid","Check") -> Valid | N11: =IF(AND(K11="Valid",L11="Valid",M11="Valid"),"OK","CHECK") -> OK
A12: C011 | B12: =PROPER(TRIM(Raw_Data!B12)) -> Anu Gupta | C12: =LOWER(TRIM(Raw_Data!C12)) -> anu@gmail.com | D12: =PROPER(TRIM(Raw_Data!D12)) -> Lalitpur | E12: =TRIM(Raw_Data!E12) -> 9861234567 | F12: =UPPER(TRIM(Raw_Data!F12)) -> MOU-011 | G12: =LEFT(B12,FIND(" ",B12) - 1) -> Anu | H12: =LEFT(C12,FIND("@",C12) - 1) -> anu | I12: =LEFT(F12,FIND("-",F12) - 1) -> MOU | J12: =RIGHT(F12,LEN(F12)-FIND("-",F12)) -> 011 | K12: =IF(AND(ISNUMBER(SEARCH("@",C12)),ISNUMBER(SEARCH(".",C12))),"Valid","Check") -> Valid | L12: =IF(AND(LEN(E12)=10,ISNUMBER(E12*1)),"Valid","Check") -> Valid | M12: =IF(AND(LEN(F12)=7,MID(F12,4,1)="-"),"Valid","Check") -> Valid | N12: =IF(AND(K12="Valid",L12="Valid",M12="Valid"),"OK","CHECK") -> OK
A13: C012 | B13: =PROPER(TRIM(Raw_Data!B13)) -> Maya Adhikari | C13: =LOWER(TRIM(Raw_Data!C13)) -> maya@gmail.com | D13: =PROPER(TRIM(Raw_Data!D13)) -> Bharatpur | E13: =TRIM(Raw_Data!E13) -> 9801234560 | F13: =UPPER(TRIM(Raw_Data!F13)) -> LAP-012 | G13: =LEFT(B13,FIND(" ",B13) - 1) -> Maya | H13: =LEFT(C13,FIND("@",C13) - 1) -> maya | I13: =LEFT(F13,FIND("-",F13) - 1) -> LAP | J13: =RIGHT(F13,LEN(F13)-FIND("-",F13)) -> 012 | K13: =IF(AND(ISNUMBER(SEARCH("@",C13)),ISNUMBER(SEARCH(".",C13))),"Valid","Check") -> Valid | L13: =IF(AND(LEN(E13)=10,ISNUMBER(E13*1)),"Valid","Check") -> Valid | M13: =IF(AND(LEN(F13)=7,MID(F13,4,1)="-"),"Valid","Check") -> Valid | N13: =IF(AND(K13="Valid",L13="Valid",M13="Valid"),"OK","CHECK") -> OK

Sheet Data_Quality
A1: Missing Customer Name | B1: =COUNTBLANK(Clean_Data!B2:B13) -> 0
A2: Missing Email | B2: =COUNTBLANK(Clean_Data!C2:C13) -> 0
A3: Missing City | B3: =COUNTBLANK(Clean_Data!D2:D13) -> 0
A4: Missing Phone | B4: =COUNTBLANK(Clean_Data!E2:E13) -> 0
A5: Missing Product Code | B5: =COUNTBLANK(Clean_Data!F2:F13) -> 0
A7: Total Customer IDs | B7: =COUNTA(Raw_Data!A2:A13) -> 12
A8: Total Unique IDs | B8: {=SUMPRODUCT(1/COUNTIF(Clean_Data!A2:A13,Clean_Data!A2:A13))} -> 12
